Sat Mar 25 18:48:32 UTC 2023,20.64
Sat Mar 25 18:49:01 UTC 2023,20.64
Sat Mar 25 18:50:01 UTC 2023,20.64
Sat Mar 25 18:50:13 UTC 2023,20.64
Sat Mar 25 18:51:01 UTC 2023,20.64
Sat Mar 25 18:52:01 UTC 2023,20.64
Sat Mar 25 18:53:01 UTC 2023,20.60
Sat Mar 25 18:54:01 UTC 2023,20.60
Sat Mar 25 18:55:02 UTC 2023,20.60
Sat Mar 25 18:56:01 UTC 2023,20.60
Sat Mar 25 18:57:01 UTC 2023,20.60
Sat Mar 25 18:58:01 UTC 2023,20.60
Sat Mar 25 18:59:02 UTC 2023,20.60
Sat Mar 25 19:00:01 UTC 2023,20.60
Sat Mar 25 19:01:01 UTC 2023,20.60
Sat Mar 25 19:02:01 UTC 2023,20.60
Sat Mar 25 19:03:02 UTC 2023,20.56
Sat Mar 25 19:04:01 UTC 2023,20.56
Sat Mar 25 19:05:01 UTC 2023,20.56
Sat Mar 25 19:06:02 UTC 2023,20.56
Sat Mar 25 19:07:01 UTC 2023,20.56
Sat Mar 25 19:08:01 UTC 2023,20.56
Sat Mar 25 19:09:01 UTC 2023,20.36
Sat Mar 25 19:10:02 UTC 2023,20.36
Sat Mar 25 19:11:01 UTC 2023,20.36
Sat Mar 25 19:12:01 UTC 2023,20.36
Sat Mar 25 19:13:01 UTC 2023,20.36
Sat Mar 25 19:14:02 UTC 2023,20.31
Sat Mar 25 19:15:01 UTC 2023,20.31
Sat Mar 25 19:16:01 UTC 2023,20.31
Sat Mar 25 19:17:01 UTC 2023,20.31
Sat Mar 25 19:18:01 UTC 2023,20.31
Sat Mar 25 19:19:01 UTC 2023,20.31
Sat Mar 25 19:20:01 UTC 2023,20.31
Sat Mar 25 19:21:02 UTC 2023,20.31
Sat Mar 25 19:22:01 UTC 2023,20.31
Sat Mar 25 19:23:01 UTC 2023,20.31
Sat Mar 25 19:24:01 UTC 2023,20.31
Sat Mar 25 19:25:01 UTC 2023,20.36
Sat Mar 25 19:26:02 UTC 2023,20.36
Sat Mar 25 19:27:01 UTC 2023,20.36
Sat Mar 25 19:28:01 UTC 2023,20.36
Sat Mar 25 19:29:01 UTC 2023,20.36
Sat Mar 25 19:30:02 UTC 2023,20.36
Sat Mar 25 19:31:01 UTC 2023,20.36
Sat Mar 25 19:32:01 UTC 2023,20.36
Sat Mar 25 19:33:02 UTC 2023,20.36
Sat Mar 25 19:34:01 UTC 2023,20.36
Sat Mar 25 19:35:01 UTC 2023,20.36
Sat Mar 25 19:36:01 UTC 2023,20.36
Sat Mar 25 19:37:02 UTC 2023,20.15
Sat Mar 25 19:38:01 UTC 2023,20.15
Sat Mar 25 19:39:01 UTC 2023,20.15
Sat Mar 25 19:40:01 UTC 2023,20.15
Sat Mar 25 19:41:02 UTC 2023,20.15
Sat Mar 25 19:42:01 UTC 2023,20.15
Sat Mar 25 19:43:01 UTC 2023,20.23
Sat Mar 25 19:44:02 UTC 2023,20.23
Sat Mar 25 19:45:01 UTC 2023,20.23
Sat Mar 25 19:46:01 UTC 2023,20.23
Sat Mar 25 19:47:01 UTC 2023,20.23
Sat Mar 25 19:48:01 UTC 2023,20.23
Sat Mar 25 19:49:02 UTC 2023,20.21
Sat Mar 25 19:50:02 UTC 2023,20.21
Sat Mar 25 19:51:01 UTC 2023,20.21
Sat Mar 25 19:52:01 UTC 2023,20.21
Sat Mar 25 19:53:01 UTC 2023,20.21
Sat Mar 25 19:54:02 UTC 2023,20.14
Sat Mar 25 19:55:01 UTC 2023,20.14
Sat Mar 25 19:56:01 UTC 2023,20.14
Sat Mar 25 19:57:03 UTC 2023,20.14
Sat Mar 25 19:58:02 UTC 2023,20.14
Sat Mar 25 19:59:01 UTC 2023,20.14
Sat Mar 25 20:00:01 UTC 2023,20.14
Sat Mar 25 20:01:01 UTC 2023,20.14
Sat Mar 25 20:02:01 UTC 2023,20.14
Sat Mar 25 20:03:01 UTC 2023,20.14
Sat Mar 25 20:04:01 UTC 2023,20.14
Sat Mar 25 20:05:02 UTC 2023,20.16
Sat Mar 25 20:06:01 UTC 2023,20.16
Sat Mar 25 20:07:02 UTC 2023,20.16
Sat Mar 25 20:08:01 UTC 2023,20.16
Sat Mar 25 20:09:01 UTC 2023,20.16
Sat Mar 25 20:10:01 UTC 2023,20.16
Sat Mar 25 20:11:01 UTC 2023,20.19
Sat Mar 25 20:12:02 UTC 2023,20.19
Sat Mar 25 20:13:01 UTC 2023,20.19
Sat Mar 25 20:14:01 UTC 2023,20.19
Sat Mar 25 20:15:02 UTC 2023,20.19
Sat Mar 25 20:16:01 UTC 2023,20.21
Sat Mar 25 20:17:01 UTC 2023,20.21
Sat Mar 25 20:18:01 UTC 2023,20.21
Sat Mar 25 20:19:02 UTC 2023,20.21
Sat Mar 25 20:20:01 UTC 2023,20.21
Sat Mar 25 20:21:01 UTC 2023,20.21
Sat Mar 25 20:22:01 UTC 2023,20.21
Sat Mar 25 20:23:02 UTC 2023,20.21
Sat Mar 25 20:24:01 UTC 2023,20.21
Sat Mar 25 20:25:01 UTC 2023,20.21
Sat Mar 25 20:26:01 UTC 2023,20.21
Sat Mar 25 20:27:02 UTC 2023,20.21
Sat Mar 25 20:28:01 UTC 2023,20.28
Sat Mar 25 20:29:02 UTC 2023,20.28
Sat Mar 25 20:30:02 UTC 2023,20.28
Sat Mar 25 20:31:01 UTC 2023,20.28
Sat Mar 25 20:32:01 UTC 2023,20.28
Sat Mar 25 20:33:03 UTC 2023,20.32
Sat Mar 25 20:34:02 UTC 2023,20.32
Sat Mar 25 20:35:02 UTC 2023,20.32
Sat Mar 25 20:36:02 UTC 2023,20.32
Sat Mar 25 20:37:02 UTC 2023,20.32
Sat Mar 25 20:38:02 UTC 2023,20.32
Sat Mar 25 20:39:03 UTC 2023,20.30
Sat Mar 25 20:40:02 UTC 2023,20.30
Sat Mar 25 20:41:01 UTC 2023,20.30
Sat Mar 25 20:42:02 UTC 2023,20.30
Sat Mar 25 20:43:01 UTC 2023,20.30
Sat Mar 25 20:44:02 UTC 2023,20.30
Sat Mar 25 20:45:02 UTC 2023,20.35
Sat Mar 25 20:46:02 UTC 2023,20.35
Sat Mar 25 20:47:02 UTC 2023,20.35
Sat Mar 25 20:48:03 UTC 2023,20.35
Sat Mar 25 20:49:02 UTC 2023,20.35
Sat Mar 25 20:50:03 UTC 2023,20.38
Sat Mar 25 20:51:03 UTC 2023,20.38
Sat Mar 25 20:52:02 UTC 2023,20.38
Sat Mar 25 20:53:02 UTC 2023,20.38
Sat Mar 25 20:54:02 UTC 2023,20.38
Sat Mar 25 20:55:02 UTC 2023,20.38
Sat Mar 25 20:56:01 UTC 2023,20.41
Sat Mar 25 20:57:02 UTC 2023,20.41
Sat Mar 25 20:58:02 UTC 2023,20.41
Sat Mar 25 20:59:02 UTC 2023,20.41
Sat Mar 25 21:00:03 UTC 2023,20.41
Sat Mar 25 21:01:03 UTC 2023,20.34
Sat Mar 25 21:02:02 UTC 2023,20.34
Sat Mar 25 21:03:02 UTC 2023,20.34
Sat Mar 25 21:04:02 UTC 2023,20.34
Sat Mar 25 21:05:02 UTC 2023,20.34
Sat Mar 25 21:06:02 UTC 2023,20.34
Sat Mar 25 21:07:03 UTC 2023,20.32
Sat Mar 25 21:08:02 UTC 2023,20.32
Sat Mar 25 21:09:02 UTC 2023,20.32
Sat Mar 25 21:10:03 UTC 2023,20.32
Sat Mar 25 21:11:03 UTC 2023,20.32
Sat Mar 25 21:12:03 UTC 2023,20.32
Sat Mar 25 21:13:02 UTC 2023,20.33
Sat Mar 25 21:14:02 UTC 2023,20.33
Sat Mar 25 21:15:02 UTC 2023,20.33
Sat Mar 25 21:16:02 UTC 2023,20.33
Sat Mar 25 21:17:02 UTC 2023,20.33
Sat Mar 25 21:18:02 UTC 2023,20.38
Sat Mar 25 21:19:02 UTC 2023,20.38
Sat Mar 25 21:20:01 UTC 2023,20.38
Sat Mar 25 21:21:01 UTC 2023,20.38
Sat Mar 25 21:22:01 UTC 2023,20.38
Sat Mar 25 21:23:01 UTC 2023,20.38
Sat Mar 25 21:24:02 UTC 2023,20.35
Sat Mar 25 21:25:01 UTC 2023,20.35
Sat Mar 25 21:26:02 UTC 2023,20.35
Sat Mar 25 21:27:02 UTC 2023,20.35
Sat Mar 25 21:28:01 UTC 2023,20.35
Sat Mar 25 21:29:03 UTC 2023,20.39
Sat Mar 25 21:30:03 UTC 2023,20.39
Sat Mar 25 21:31:01 UTC 2023,20.39
Sat Mar 25 21:32:02 UTC 2023,20.39
Sat Mar 25 21:33:02 UTC 2023,20.39
Sat Mar 25 21:34:03 UTC 2023,20.39
Sat Mar 25 21:35:03 UTC 2023,20.39
Sat Mar 25 21:36:01 UTC 2023,20.39
Sat Mar 25 21:37:02 UTC 2023,20.39
Sat Mar 25 21:38:02 UTC 2023,20.39
Sat Mar 25 21:39:02 UTC 2023,20.39
Sat Mar 25 21:40:03 UTC 2023,20.37
Sat Mar 25 21:41:02 UTC 2023,20.37
Sat Mar 25 21:42:02 UTC 2023,20.37
Sat Mar 25 21:43:02 UTC 2023,20.37
Sat Mar 25 21:44:02 UTC 2023,20.37
Sat Mar 25 21:45:02 UTC 2023,20.37
Sat Mar 25 21:46:02 UTC 2023,20.37
Sat Mar 25 21:47:02 UTC 2023,20.37
Sat Mar 25 21:48:02 UTC 2023,20.37
Sat Mar 25 21:49:02 UTC 2023,20.37
Sat Mar 25 21:50:02 UTC 2023,20.37
Sat Mar 25 21:51:03 UTC 2023,20.27
Sat Mar 25 21:52:03 UTC 2023,20.27
Sat Mar 25 21:53:03 UTC 2023,20.27
Sat Mar 25 21:54:03 UTC 2023,20.27
Sat Mar 25 21:55:03 UTC 2023,20.27
Sat Mar 25 21:56:02 UTC 2023,20.27
Sat Mar 25 21:57:02 UTC 2023,20.25
Sat Mar 25 21:58:02 UTC 2023,20.25
Sat Mar 25 21:59:01 UTC 2023,20.25
Sat Mar 25 22:00:02 UTC 2023,20.25
Sat Mar 25 22:01:01 UTC 2023,20.25
Sat Mar 25 22:02:01 UTC 2023,20.25
Sat Mar 25 22:03:02 UTC 2023,20.25
Sat Mar 25 22:04:02 UTC 2023,20.25
Sat Mar 25 22:05:02 UTC 2023,20.25
Sat Mar 25 22:06:01 UTC 2023,20.25
Sat Mar 25 22:07:02 UTC 2023,20.25
Sat Mar 25 22:08:02 UTC 2023,20.25
Sat Mar 25 22:09:02 UTC 2023,20.26
Sat Mar 25 22:10:03 UTC 2023,20.26
Sat Mar 25 22:11:01 UTC 2023,20.26
Sat Mar 25 22:12:02 UTC 2023,20.26
Sat Mar 25 22:13:02 UTC 2023,20.26
Sat Mar 25 22:14:02 UTC 2023,20.26
Sat Mar 25 22:15:02 UTC 2023,20.35
Sat Mar 25 22:16:02 UTC 2023,20.35
Sat Mar 25 22:17:02 UTC 2023,20.35
Sat Mar 25 22:18:02 UTC 2023,20.35
Sat Mar 25 22:19:02 UTC 2023,20.35
Sat Mar 25 22:20:02 UTC 2023,20.35
Sat Mar 25 22:21:03 UTC 2023,20.44
Sat Mar 25 22:22:03 UTC 2023,20.44
Sat Mar 25 22:23:03 UTC 2023,20.44
Sat Mar 25 22:24:02 UTC 2023,20.44
Sat Mar 25 22:25:02 UTC 2023,20.44
Sat Mar 25 22:26:02 UTC 2023,20.39
Sat Mar 25 22:27:02 UTC 2023,20.39
Sat Mar 25 22:28:02 UTC 2023,20.39
Sat Mar 25 22:29:02 UTC 2023,20.39
Sat Mar 25 22:30:02 UTC 2023,20.39
Sat Mar 25 22:31:03 UTC 2023,20.39
Sat Mar 25 22:32:02 UTC 2023,20.39
Sat Mar 25 22:33:02 UTC 2023,20.39
Sat Mar 25 22:34:02 UTC 2023,20.39
Sat Mar 25 22:35:02 UTC 2023,20.39
Sat Mar 25 22:36:03 UTC 2023,20.36
Sat Mar 25 22:37:02 UTC 2023,20.36
Sat Mar 25 22:38:02 UTC 2023,20.36
Sat Mar 25 22:39:02 UTC 2023,20.36
Sat Mar 25 22:40:03 UTC 2023,20.36
Sat Mar 25 22:41:03 UTC 2023,20.35
Sat Mar 25 22:42:03 UTC 2023,20.35
Sat Mar 25 22:43:02 UTC 2023,20.35
Sat Mar 25 22:44:02 UTC 2023,20.35
Sat Mar 25 22:45:03 UTC 2023,20.35
Sat Mar 25 22:46:03 UTC 2023,20.35
Sat Mar 25 22:47:03 UTC 2023,20.35
Sat Mar 25 22:48:02 UTC 2023,20.35
Sat Mar 25 22:49:02 UTC 2023,20.35
Sat Mar 25 22:50:02 UTC 2023,20.35
Sat Mar 25 22:51:02 UTC 2023,20.35
Sat Mar 25 22:52:02 UTC 2023,20.40
Sat Mar 25 22:53:02 UTC 2023,20.40
Sat Mar 25 22:54:02 UTC 2023,20.40
Sat Mar 25 22:55:02 UTC 2023,20.40
Sat Mar 25 22:56:03 UTC 2023,20.40
Sat Mar 25 22:57:03 UTC 2023,20.37
Sat Mar 25 22:58:03 UTC 2023,20.37
Sat Mar 25 22:59:02 UTC 2023,20.37
Sat Mar 25 23:00:02 UTC 2023,20.37
Sat Mar 25 23:01:02 UTC 2023,20.37
Sat Mar 25 23:02:03 UTC 2023,20.36
Sat Mar 25 23:03:02 UTC 2023,20.36
Sat Mar 25 23:04:02 UTC 2023,20.36
Sat Mar 25 23:05:02 UTC 2023,20.36
Sat Mar 25 23:06:03 UTC 2023,20.36
Sat Mar 25 23:07:02 UTC 2023,20.36
Sat Mar 25 23:08:02 UTC 2023,20.33
Sat Mar 25 23:09:02 UTC 2023,20.33
Sat Mar 25 23:10:03 UTC 2023,20.33
Sat Mar 25 23:11:03 UTC 2023,20.33
Sat Mar 25 23:12:03 UTC 2023,20.33
Sat Mar 25 23:13:03 UTC 2023,20.33
Sat Mar 25 23:14:02 UTC 2023,20.33
Sat Mar 25 23:15:02 UTC 2023,20.33
Sat Mar 25 23:16:02 UTC 2023,20.33
Sat Mar 25 23:17:02 UTC 2023,20.33
Sat Mar 25 23:18:02 UTC 2023,20.33
Sat Mar 25 23:19:02 UTC 2023,20.37
Sat Mar 25 23:20:02 UTC 2023,20.37
Sat Mar 25 23:21:02 UTC 2023,20.37
Sat Mar 25 23:22:02 UTC 2023,20.37
Sat Mar 25 23:23:02 UTC 2023,20.37
Sat Mar 25 23:24:02 UTC 2023,20.42
Sat Mar 25 23:25:02 UTC 2023,20.42
Sat Mar 25 23:26:01 UTC 2023,20.42
Sat Mar 25 23:27:02 UTC 2023,20.42
Sat Mar 25 23:28:02 UTC 2023,20.42
Sat Mar 25 23:29:02 UTC 2023,20.41
Sat Mar 25 23:30:03 UTC 2023,20.41
Sat Mar 25 23:31:02 UTC 2023,20.41
Sat Mar 25 23:32:03 UTC 2023,20.41
Sat Mar 25 23:33:02 UTC 2023,20.41
Sat Mar 25 23:34:03 UTC 2023,20.37
Sat Mar 25 23:35:02 UTC 2023,20.37
Sat Mar 25 23:36:03 UTC 2023,20.37
Sat Mar 25 23:37:03 UTC 2023,20.37
Sat Mar 25 23:38:02 UTC 2023,20.37
Sat Mar 25 23:39:04 UTC 2023,20.45
Sat Mar 25 23:40:03 UTC 2023,20.45
Sat Mar 25 23:41:03 UTC 2023,20.45
Sat Mar 25 23:42:02 UTC 2023,20.45
Sat Mar 25 23:43:02 UTC 2023,20.45
Sat Mar 25 23:44:02 UTC 2023,20.45
Sat Mar 25 23:45:02 UTC 2023,20.45
Sat Mar 25 23:46:01 UTC 2023,20.45
Sat Mar 25 23:47:03 UTC 2023,20.45
Sat Mar 25 23:48:02 UTC 2023,20.45
Sat Mar 25 23:49:02 UTC 2023,20.45
Sat Mar 25 23:50:02 UTC 2023,20.45
Sat Mar 25 23:51:02 UTC 2023,20.45
Sat Mar 25 23:52:02 UTC 2023,20.45
Sat Mar 25 23:53:02 UTC 2023,20.45
Sat Mar 25 23:54:02 UTC 2023,20.45
Sat Mar 25 23:55:02 UTC 2023,20.45
Sat Mar 25 23:56:02 UTC 2023,20.45
Sat Mar 25 23:57:03 UTC 2023,20.46
Sat Mar 25 23:58:03 UTC 2023,20.46
Sat Mar 25 23:59:02 UTC 2023,20.46
Sun Mar 26 00:00:03 UTC 2023,20.46
Sun Mar 26 00:01:02 UTC 2023,20.46
Sun Mar 26 00:02:03 UTC 2023,20.45
Sun Mar 26 00:03:02 UTC 2023,20.45
Sun Mar 26 00:04:03 UTC 2023,20.45
Sun Mar 26 00:05:02 UTC 2023,20.45
Sun Mar 26 00:06:02 UTC 2023,20.45
Sun Mar 26 00:07:01 UTC 2023,20.45
Sun Mar 26 00:08:02 UTC 2023,20.45
Sun Mar 26 00:09:02 UTC 2023,20.45
Sun Mar 26 00:10:02 UTC 2023,20.45
Sun Mar 26 00:11:01 UTC 2023,20.45
Sun Mar 26 00:12:02 UTC 2023,20.45
Sun Mar 26 00:13:03 UTC 2023,20.37
Sun Mar 26 00:14:03 UTC 2023,20.37
Sun Mar 26 00:15:02 UTC 2023,20.37
Sun Mar 26 00:16:01 UTC 2023,20.37
Sun Mar 26 00:17:03 UTC 2023,20.37
Sun Mar 26 00:18:02 UTC 2023,20.38
Sun Mar 26 00:19:02 UTC 2023,20.38
Sun Mar 26 00:20:02 UTC 2023,20.38
Sun Mar 26 00:21:02 UTC 2023,20.38
Sun Mar 26 00:22:02 UTC 2023,20.38
Sun Mar 26 00:23:02 UTC 2023,20.38
Sun Mar 26 00:24:02 UTC 2023,20.38
Sun Mar 26 00:25:02 UTC 2023,20.38
Sun Mar 26 00:26:03 UTC 2023,20.38
Sun Mar 26 00:27:02 UTC 2023,20.38
Sun Mar 26 00:28:02 UTC 2023,20.38
Sun Mar 26 00:29:02 UTC 2023,20.38
Sun Mar 26 00:30:03 UTC 2023,20.35
Sun Mar 26 00:31:01 UTC 2023,20.35
Sun Mar 26 00:32:02 UTC 2023,20.35
Sun Mar 26 00:33:02 UTC 2023,20.35
Sun Mar 26 00:34:02 UTC 2023,20.35
Sun Mar 26 00:35:02 UTC 2023,20.35
Sun Mar 26 00:36:02 UTC 2023,20.35
Sun Mar 26 00:37:01 UTC 2023,20.35
Sun Mar 26 00:38:01 UTC 2023,20.35
Sun Mar 26 00:39:02 UTC 2023,20.35
Sun Mar 26 00:40:02 UTC 2023,20.35
Sun Mar 26 00:41:01 UTC 2023,20.35
Sun Mar 26 00:42:02 UTC 2023,20.44
Sun Mar 26 00:43:02 UTC 2023,20.44
Sun Mar 26 00:44:02 UTC 2023,20.44
Sun Mar 26 00:45:02 UTC 2023,20.44
Sun Mar 26 00:46:02 UTC 2023,20.44
Sun Mar 26 00:47:03 UTC 2023,20.55
Sun Mar 26 00:48:02 UTC 2023,20.55
Sun Mar 26 00:49:02 UTC 2023,20.55
Sun Mar 26 00:50:02 UTC 2023,20.55
Sun Mar 26 00:51:02 UTC 2023,20.55
Sun Mar 26 00:52:02 UTC 2023,20.67
Sun Mar 26 00:53:03 UTC 2023,20.67
Sun Mar 26 00:54:02 UTC 2023,20.67
Sun Mar 26 00:55:03 UTC 2023,20.67
Sun Mar 26 00:56:03 UTC 2023,20.67
Sun Mar 26 00:57:03 UTC 2023,20.67
Sun Mar 26 00:58:01 UTC 2023,20.67
Sun Mar 26 00:59:03 UTC 2023,20.67
Sun Mar 26 01:00:03 UTC 2023,20.67
Sun Mar 26 01:01:02 UTC 2023,20.67
Sun Mar 26 01:02:03 UTC 2023,20.68
Sun Mar 26 01:03:01 UTC 2023,20.68
Sun Mar 26 01:04:02 UTC 2023,20.68
Sun Mar 26 01:05:02 UTC 2023,20.68
Sun Mar 26 01:06:03 UTC 2023,20.68
Sun Mar 26 01:07:03 UTC 2023,20.68
Sun Mar 26 01:08:02 UTC 2023,20.68
Sun Mar 26 01:09:02 UTC 2023,20.68
Sun Mar 26 01:10:02 UTC 2023,20.68
Sun Mar 26 01:11:02 UTC 2023,20.68
Sun Mar 26 01:12:03 UTC 2023,20.71
Sun Mar 26 01:13:02 UTC 2023,20.71
Sun Mar 26 01:14:02 UTC 2023,20.71
Sun Mar 26 01:15:02 UTC 2023,20.71
Sun Mar 26 01:16:02 UTC 2023,20.71
Sun Mar 26 01:17:02 UTC 2023,20.71
Sun Mar 26 01:18:02 UTC 2023,20.71
Sun Mar 26 01:19:03 UTC 2023,20.71
Sun Mar 26 01:20:03 UTC 2023,20.71
Sun Mar 26 01:21:03 UTC 2023,20.71
Sun Mar 26 01:22:02 UTC 2023,20.71
Sun Mar 26 01:23:02 UTC 2023,20.68
Sun Mar 26 01:24:02 UTC 2023,20.68
Sun Mar 26 01:25:02 UTC 2023,20.68
Sun Mar 26 01:26:02 UTC 2023,20.68
Sun Mar 26 01:27:02 UTC 2023,20.68
Sun Mar 26 01:28:03 UTC 2023,20.68
Sun Mar 26 01:29:03 UTC 2023,20.68
Sun Mar 26 01:30:03 UTC 2023,20.68
Sun Mar 26 01:31:02 UTC 2023,20.68
Sun Mar 26 01:32:02 UTC 2023,20.68
Sun Mar 26 01:33:03 UTC 2023,20.76
Sun Mar 26 01:34:02 UTC 2023,20.76
Sun Mar 26 01:35:02 UTC 2023,20.76
Sun Mar 26 01:36:02 UTC 2023,20.76
Sun Mar 26 01:37:02 UTC 2023,20.76
Sun Mar 26 01:38:03 UTC 2023,20.76
Sun Mar 26 01:39:02 UTC 2023,20.76
Sun Mar 26 01:40:03 UTC 2023,20.76
Sun Mar 26 01:41:02 UTC 2023,20.76
Sun Mar 26 01:42:02 UTC 2023,20.76
Sun Mar 26 01:43:01 UTC 2023,20.76
Sun Mar 26 01:44:03 UTC 2023,20.73
Sun Mar 26 01:45:02 UTC 2023,20.73
Sun Mar 26 01:46:01 UTC 2023,20.73
Sun Mar 26 01:47:02 UTC 2023,20.73
Sun Mar 26 01:48:01 UTC 2023,20.73
Sun Mar 26 01:49:01 UTC 2023,20.73
Sun Mar 26 01:50:02 UTC 2023,20.74
Sun Mar 26 01:51:01 UTC 2023,20.74
Sun Mar 26 01:52:01 UTC 2023,20.74
Sun Mar 26 01:53:01 UTC 2023,20.74
Sun Mar 26 01:54:01 UTC 2023,20.74
Sun Mar 26 01:55:01 UTC 2023,20.74
Sun Mar 26 01:56:01 UTC 2023,20.67
Sun Mar 26 01:57:01 UTC 2023,20.67
Sun Mar 26 01:58:01 UTC 2023,20.67
Sun Mar 26 01:59:01 UTC 2023,20.67
Sun Mar 26 02:00:01 UTC 2023,20.67
Sun Mar 26 02:01:02 UTC 2023,20.71
Sun Mar 26 02:02:01 UTC 2023,20.71
Sun Mar 26 02:03:01 UTC 2023,20.71
Sun Mar 26 02:04:02 UTC 2023,20.71
Sun Mar 26 02:05:01 UTC 2023,20.71
Sun Mar 26 02:06:01 UTC 2023,20.71
Sun Mar 26 02:07:01 UTC 2023,20.71
Sun Mar 26 02:08:01 UTC 2023,20.71
Sun Mar 26 02:09:01 UTC 2023,20.71
Sun Mar 26 02:10:03 UTC 2023,20.71
Sun Mar 26 02:11:01 UTC 2023,20.75
Sun Mar 26 02:12:03 UTC 2023,20.75
Sun Mar 26 02:13:01 UTC 2023,20.75
Sun Mar 26 02:14:02 UTC 2023,20.75
Sun Mar 26 02:15:03 UTC 2023,20.75
Sun Mar 26 02:16:02 UTC 2023,20.72
Sun Mar 26 02:17:02 UTC 2023,20.72
Sun Mar 26 02:18:03 UTC 2023,20.72
Sun Mar 26 02:19:03 UTC 2023,20.72
Sun Mar 26 02:20:03 UTC 2023,20.72
Sun Mar 26 02:21:02 UTC 2023,20.72
Sun Mar 26 02:22:02 UTC 2023,20.72
Sun Mar 26 02:23:03 UTC 2023,20.72
Sun Mar 26 02:24:02 UTC 2023,20.72
Sun Mar 26 02:25:02 UTC 2023,20.72
Sun Mar 26 02:26:02 UTC 2023,20.72
Sun Mar 26 02:27:03 UTC 2023,20.74
Sun Mar 26 02:28:02 UTC 2023,20.74
Sun Mar 26 02:29:02 UTC 2023,20.74
Sun Mar 26 02:30:02 UTC 2023,20.74
Sun Mar 26 02:31:02 UTC 2023,20.74
Sun Mar 26 02:32:03 UTC 2023,20.71
Sun Mar 26 02:33:03 UTC 2023,20.71
Sun Mar 26 02:34:03 UTC 2023,20.71
Sun Mar 26 02:35:03 UTC 2023,20.71
Sun Mar 26 02:36:02 UTC 2023,20.71
Sun Mar 26 02:37:02 UTC 2023,20.71
Sun Mar 26 02:38:02 UTC 2023,20.71
Sun Mar 26 02:39:02 UTC 2023,20.71
Sun Mar 26 02:40:02 UTC 2023,20.71
Sun Mar 26 02:41:02 UTC 2023,20.71
Sun Mar 26 02:42:03 UTC 2023,20.73
Sun Mar 26 02:43:02 UTC 2023,20.73
Sun Mar 26 02:44:02 UTC 2023,20.73
Sun Mar 26 02:45:03 UTC 2023,20.73
Sun Mar 26 02:46:01 UTC 2023,20.73
Sun Mar 26 02:47:02 UTC 2023,20.73
Sun Mar 26 02:48:02 UTC 2023,20.73
Sun Mar 26 02:49:02 UTC 2023,20.73
Sun Mar 26 02:50:02 UTC 2023,20.73
Sun Mar 26 02:51:02 UTC 2023,20.73
Sun Mar 26 02:52:02 UTC 2023,20.73
Sun Mar 26 02:53:02 UTC 2023,20.71
Sun Mar 26 02:54:02 UTC 2023,20.71
Sun Mar 26 02:55:02 UTC 2023,20.71
Sun Mar 26 02:56:01 UTC 2023,20.71
Sun Mar 26 02:57:02 UTC 2023,20.71
Sun Mar 26 02:58:03 UTC 2023,20.72
Sun Mar 26 02:59:02 UTC 2023,20.72
Sun Mar 26 03:00:03 UTC 2023,20.72
Sun Mar 26 03:01:02 UTC 2023,20.72
Sun Mar 26 03:02:02 UTC 2023,20.72
Sun Mar 26 03:03:02 UTC 2023,20.72
Sun Mar 26 03:04:02 UTC 2023,20.72
Sun Mar 26 03:05:02 UTC 2023,20.72
Sun Mar 26 03:06:02 UTC 2023,20.72
Sun Mar 26 03:07:02 UTC 2023,20.72
Sun Mar 26 03:08:02 UTC 2023,20.72
Sun Mar 26 03:09:02 UTC 2023,20.72
Sun Mar 26 03:10:02 UTC 2023,20.71
Sun Mar 26 03:11:01 UTC 2023,20.71
Sun Mar 26 03:12:02 UTC 2023,20.71
Sun Mar 26 03:13:02 UTC 2023,20.71
Sun Mar 26 03:14:02 UTC 2023,20.71
Sun Mar 26 03:15:02 UTC 2023,20.69
Sun Mar 26 03:16:02 UTC 2023,20.69
Sun Mar 26 03:17:02 UTC 2023,20.69
Sun Mar 26 03:18:02 UTC 2023,20.69
Sun Mar 26 03:19:02 UTC 2023,20.69
Sun Mar 26 03:20:02 UTC 2023,20.69
Sun Mar 26 03:21:02 UTC 2023,20.69
Sun Mar 26 03:22:02 UTC 2023,20.69
Sun Mar 26 03:23:02 UTC 2023,20.69
Sun Mar 26 03:24:02 UTC 2023,20.69
Sun Mar 26 03:25:02 UTC 2023,20.69
Sun Mar 26 03:26:02 UTC 2023,20.72
Sun Mar 26 03:27:02 UTC 2023,20.72
Sun Mar 26 03:28:02 UTC 2023,20.72
Sun Mar 26 03:29:02 UTC 2023,20.72
Sun Mar 26 03:30:02 UTC 2023,20.72
Sun Mar 26 03:31:02 UTC 2023,20.73
Sun Mar 26 03:32:02 UTC 2023,20.73
Sun Mar 26 03:33:02 UTC 2023,20.73
Sun Mar 26 03:34:02 UTC 2023,20.73
Sun Mar 26 03:35:02 UTC 2023,20.73
Sun Mar 26 03:36:02 UTC 2023,20.73
Sun Mar 26 03:37:02 UTC 2023,20.73
Sun Mar 26 03:38:02 UTC 2023,20.73
Sun Mar 26 03:39:02 UTC 2023,20.73
Sun Mar 26 03:40:03 UTC 2023,20.73
Sun Mar 26 03:41:03 UTC 2023,20.68
Sun Mar 26 03:42:03 UTC 2023,20.68
Sun Mar 26 03:43:03 UTC 2023,20.68
Sun Mar 26 03:44:03 UTC 2023,20.68
Sun Mar 26 03:45:02 UTC 2023,20.68
Sun Mar 26 03:46:02 UTC 2023,20.68
Sun Mar 26 03:47:02 UTC 2023,20.68
Sun Mar 26 03:48:02 UTC 2023,20.68
Sun Mar 26 03:49:02 UTC 2023,20.68
Sun Mar 26 03:50:03 UTC 2023,20.68
Sun Mar 26 03:51:03 UTC 2023,20.69
Sun Mar 26 03:52:02 UTC 2023,20.69
Sun Mar 26 03:53:02 UTC 2023,20.69
Sun Mar 26 03:54:02 UTC 2023,20.69
Sun Mar 26 03:55:02 UTC 2023,20.69
Sun Mar 26 03:56:02 UTC 2023,20.69
Sun Mar 26 03:57:02 UTC 2023,20.69
Sun Mar 26 03:58:02 UTC 2023,20.69
Sun Mar 26 03:59:02 UTC 2023,20.69
Sun Mar 26 04:00:02 UTC 2023,20.69
Sun Mar 26 04:01:02 UTC 2023,20.69
Sun Mar 26 04:02:02 UTC 2023,20.68
Sun Mar 26 04:03:02 UTC 2023,20.68
Sun Mar 26 04:04:02 UTC 2023,20.68
Sun Mar 26 04:05:02 UTC 2023,20.68
Sun Mar 26 04:06:02 UTC 2023,20.68
Sun Mar 26 04:07:03 UTC 2023,20.69
Sun Mar 26 04:08:03 UTC 2023,20.69
Sun Mar 26 04:09:02 UTC 2023,20.69
Sun Mar 26 04:10:02 UTC 2023,20.69
Sun Mar 26 04:11:02 UTC 2023,20.69
Sun Mar 26 04:12:02 UTC 2023,20.69
Sun Mar 26 04:13:02 UTC 2023,20.67
Sun Mar 26 04:14:02 UTC 2023,20.67
Sun Mar 26 04:15:02 UTC 2023,20.67
Sun Mar 26 04:16:02 UTC 2023,20.67
Sun Mar 26 04:17:02 UTC 2023,20.67
Sun Mar 26 04:18:02 UTC 2023,20.67
Sun Mar 26 04:19:02 UTC 2023,20.69
Sun Mar 26 04:20:03 UTC 2023,20.69
Sun Mar 26 04:21:02 UTC 2023,20.69
Sun Mar 26 04:22:02 UTC 2023,20.69
Sun Mar 26 04:23:02 UTC 2023,20.69
Sun Mar 26 04:24:02 UTC 2023,20.69
Sun Mar 26 04:25:02 UTC 2023,20.68
Sun Mar 26 04:26:02 UTC 2023,20.68
Sun Mar 26 04:27:02 UTC 2023,20.68
Sun Mar 26 04:28:02 UTC 2023,20.68
Sun Mar 26 04:29:02 UTC 2023,20.68
Sun Mar 26 04:30:03 UTC 2023,20.68
Sun Mar 26 04:31:03 UTC 2023,20.68
Sun Mar 26 04:32:03 UTC 2023,20.68
Sun Mar 26 04:33:03 UTC 2023,20.68
Sun Mar 26 04:34:03 UTC 2023,20.68
Sun Mar 26 04:35:03 UTC 2023,20.68
Sun Mar 26 04:36:03 UTC 2023,20.68
Sun Mar 26 04:37:03 UTC 2023,20.68
Sun Mar 26 04:38:02 UTC 2023,20.68
Sun Mar 26 04:39:02 UTC 2023,20.68
Sun Mar 26 04:40:02 UTC 2023,20.68
Sun Mar 26 04:41:02 UTC 2023,20.68
Sun Mar 26 04:42:03 UTC 2023,20.67
Sun Mar 26 04:43:03 UTC 2023,20.67
Sun Mar 26 04:44:03 UTC 2023,20.67
Sun Mar 26 04:45:03 UTC 2023,20.67
Sun Mar 26 04:46:02 UTC 2023,20.67
Sun Mar 26 04:47:02 UTC 2023,20.68
Sun Mar 26 04:48:02 UTC 2023,20.68
Sun Mar 26 04:49:02 UTC 2023,20.68
Sun Mar 26 04:50:02 UTC 2023,20.68
Sun Mar 26 04:51:02 UTC 2023,20.68
Sun Mar 26 04:52:02 UTC 2023,20.68
Sun Mar 26 04:53:02 UTC 2023,20.68
Sun Mar 26 04:54:02 UTC 2023,20.68
Sun Mar 26 04:55:02 UTC 2023,20.68
Sun Mar 26 04:56:02 UTC 2023,20.68
Sun Mar 26 04:57:02 UTC 2023,20.68
Sun Mar 26 04:58:02 UTC 2023,20.68
Sun Mar 26 04:59:02 UTC 2023,20.69
Sun Mar 26 05:00:03 UTC 2023,20.69
Sun Mar 26 05:01:03 UTC 2023,20.69
Sun Mar 26 05:02:02 UTC 2023,20.69
Sun Mar 26 05:03:02 UTC 2023,20.69
Sun Mar 26 05:04:03 UTC 2023,20.71
Sun Mar 26 05:05:02 UTC 2023,20.71
Sun Mar 26 05:06:02 UTC 2023,20.71
Sun Mar 26 05:07:02 UTC 2023,20.71
Sun Mar 26 05:08:02 UTC 2023,20.71
Sun Mar 26 05:09:03 UTC 2023,20.70
Sun Mar 26 05:10:03 UTC 2023,20.70
Sun Mar 26 05:11:02 UTC 2023,20.70
Sun Mar 26 05:12:02 UTC 2023,20.70
Sun Mar 26 05:13:02 UTC 2023,20.70
Sun Mar 26 05:14:02 UTC 2023,20.70
Sun Mar 26 05:15:02 UTC 2023,20.70
Sun Mar 26 05:16:02 UTC 2023,20.70
Sun Mar 26 05:17:03 UTC 2023,20.70
Sun Mar 26 05:18:03 UTC 2023,20.70
Sun Mar 26 05:19:03 UTC 2023,20.70
Sun Mar 26 05:20:03 UTC 2023,20.71
Sun Mar 26 05:21:02 UTC 2023,20.71
Sun Mar 26 05:22:02 UTC 2023,20.71
Sun Mar 26 05:23:03 UTC 2023,20.71
Sun Mar 26 05:24:02 UTC 2023,20.71
Sun Mar 26 05:25:02 UTC 2023,20.71
Sun Mar 26 05:26:02 UTC 2023,20.68
Sun Mar 26 05:27:02 UTC 2023,20.68
Sun Mar 26 05:28:02 UTC 2023,20.68
Sun Mar 26 05:29:02 UTC 2023,20.68
Sun Mar 26 05:30:02 UTC 2023,20.68
Sun Mar 26 05:31:03 UTC 2023,20.67
Sun Mar 26 05:32:02 UTC 2023,20.67
Sun Mar 26 05:33:02 UTC 2023,20.67
Sun Mar 26 05:34:02 UTC 2023,20.67
Sun Mar 26 05:35:02 UTC 2023,20.67
Sun Mar 26 05:36:02 UTC 2023,20.67
Sun Mar 26 05:37:02 UTC 2023,20.67
Sun Mar 26 05:38:02 UTC 2023,20.67
Sun Mar 26 05:39:02 UTC 2023,20.67
Sun Mar 26 05:40:02 UTC 2023,20.67
Sun Mar 26 05:41:02 UTC 2023,20.67
Sun Mar 26 05:42:03 UTC 2023,20.66
Sun Mar 26 05:43:03 UTC 2023,20.66
Sun Mar 26 05:44:03 UTC 2023,20.66
Sun Mar 26 05:45:01 UTC 2023,20.66
Sun Mar 26 05:46:02 UTC 2023,20.66
Sun Mar 26 05:47:02 UTC 2023,20.71
Sun Mar 26 05:48:02 UTC 2023,20.71
Sun Mar 26 05:49:02 UTC 2023,20.71
Sun Mar 26 05:50:02 UTC 2023,20.71
Sun Mar 26 05:51:02 UTC 2023,20.71
Sun Mar 26 05:52:02 UTC 2023,20.76
Sun Mar 26 05:53:02 UTC 2023,20.76
Sun Mar 26 05:54:02 UTC 2023,20.76
Sun Mar 26 05:55:02 UTC 2023,20.76
Sun Mar 26 05:56:02 UTC 2023,20.76
Sun Mar 26 05:57:02 UTC 2023,20.76
Sun Mar 26 05:58:02 UTC 2023,20.76
Sun Mar 26 05:59:02 UTC 2023,20.76
Sun Mar 26 06:00:03 UTC 2023,20.76
Sun Mar 26 06:01:03 UTC 2023,20.76
Sun Mar 26 06:02:02 UTC 2023,20.76
Sun Mar 26 06:03:03 UTC 2023,20.83
Sun Mar 26 06:04:03 UTC 2023,20.83
Sun Mar 26 06:05:01 UTC 2023,20.83
Sun Mar 26 06:06:02 UTC 2023,20.83
Sun Mar 26 06:07:02 UTC 2023,20.83
Sun Mar 26 06:08:02 UTC 2023,20.83
Sun Mar 26 06:09:03 UTC 2023,20.82
Sun Mar 26 06:10:03 UTC 2023,20.82
Sun Mar 26 06:11:02 UTC 2023,20.82
Sun Mar 26 06:12:02 UTC 2023,20.82
Sun Mar 26 06:13:02 UTC 2023,20.82
Sun Mar 26 06:14:02 UTC 2023,20.82
Sun Mar 26 06:15:02 UTC 2023,20.75
Sun Mar 26 06:16:02 UTC 2023,20.75
Sun Mar 26 06:17:03 UTC 2023,20.75
Sun Mar 26 06:18:03 UTC 2023,20.75
Sun Mar 26 06:19:02 UTC 2023,20.75
Sun Mar 26 06:20:03 UTC 2023,20.79
Sun Mar 26 06:21:02 UTC 2023,20.79
Sun Mar 26 06:22:02 UTC 2023,20.79
Sun Mar 26 06:23:03 UTC 2023,20.79
Sun Mar 26 06:24:03 UTC 2023,20.79
Sun Mar 26 06:25:02 UTC 2023,20.79
Sun Mar 26 06:26:02 UTC 2023,20.75
Sun Mar 26 06:27:02 UTC 2023,20.75
Sun Mar 26 06:28:02 UTC 2023,20.75
Sun Mar 26 06:29:02 UTC 2023,20.75
Sun Mar 26 06:30:02 UTC 2023,20.75
Sun Mar 26 06:31:02 UTC 2023,20.74
Sun Mar 26 06:32:02 UTC 2023,20.74
Sun Mar 26 06:33:02 UTC 2023,20.74
Sun Mar 26 06:34:02 UTC 2023,20.74
Sun Mar 26 06:35:02 UTC 2023,20.74
Sun Mar 26 06:36:02 UTC 2023,20.74
Sun Mar 26 06:37:02 UTC 2023,20.74
Sun Mar 26 06:38:03 UTC 2023,20.74
Sun Mar 26 06:39:02 UTC 2023,20.74
Sun Mar 26 06:40:02 UTC 2023,20.74
Sun Mar 26 06:41:02 UTC 2023,20.73
Sun Mar 26 06:42:02 UTC 2023,20.73
Sun Mar 26 06:43:02 UTC 2023,20.73
Sun Mar 26 06:44:02 UTC 2023,20.73
Sun Mar 26 06:45:02 UTC 2023,20.73
Sun Mar 26 06:46:03 UTC 2023,20.73
Sun Mar 26 06:47:02 UTC 2023,20.73
Sun Mar 26 06:48:02 UTC 2023,20.73
Sun Mar 26 06:49:02 UTC 2023,20.73
Sun Mar 26 06:50:02 UTC 2023,20.73
Sun Mar 26 06:51:02 UTC 2023,20.73
Sun Mar 26 06:52:02 UTC 2023,20.74
Sun Mar 26 06:53:02 UTC 2023,20.74
Sun Mar 26 06:54:03 UTC 2023,20.74
Sun Mar 26 06:55:02 UTC 2023,20.74
Sun Mar 26 06:56:02 UTC 2023,20.74
Sun Mar 26 06:57:02 UTC 2023,20.74
Sun Mar 26 06:58:02 UTC 2023,20.78
Sun Mar 26 06:59:02 UTC 2023,20.78
Sun Mar 26 07:00:02 UTC 2023,20.78
Sun Mar 26 07:01:03 UTC 2023,20.78
Sun Mar 26 07:02:02 UTC 2023,20.78
Sun Mar 26 07:03:03 UTC 2023,20.76
Sun Mar 26 07:04:03 UTC 2023,20.76
Sun Mar 26 07:05:03 UTC 2023,20.76
Sun Mar 26 07:06:02 UTC 2023,20.76
Sun Mar 26 07:07:02 UTC 2023,20.76
Sun Mar 26 07:08:02 UTC 2023,20.76
Sun Mar 26 07:09:02 UTC 2023,20.77
Sun Mar 26 07:10:03 UTC 2023,20.77
Sun Mar 26 07:11:02 UTC 2023,20.77
Sun Mar 26 07:12:02 UTC 2023,20.77
Sun Mar 26 07:13:02 UTC 2023,20.77
Sun Mar 26 07:14:02 UTC 2023,20.77
Sun Mar 26 07:15:02 UTC 2023,20.78
Sun Mar 26 07:16:02 UTC 2023,20.78
Sun Mar 26 07:17:02 UTC 2023,20.78
Sun Mar 26 07:18:02 UTC 2023,20.78
Sun Mar 26 07:19:02 UTC 2023,20.78
Sun Mar 26 07:20:02 UTC 2023,20.81
Sun Mar 26 07:21:02 UTC 2023,20.81
Sun Mar 26 07:22:02 UTC 2023,20.81
Sun Mar 26 07:23:02 UTC 2023,20.81
Sun Mar 26 07:24:02 UTC 2023,20.81
Sun Mar 26 07:25:03 UTC 2023,20.77
Sun Mar 26 07:26:02 UTC 2023,20.77
Sun Mar 26 07:27:02 UTC 2023,20.77
Sun Mar 26 07:28:02 UTC 2023,20.77
Sun Mar 26 07:29:02 UTC 2023,20.77
Sun Mar 26 07:30:02 UTC 2023,20.77
Sun Mar 26 07:31:02 UTC 2023,20.77
Sun Mar 26 07:32:02 UTC 2023,20.77
Sun Mar 26 07:33:02 UTC 2023,20.77
Sun Mar 26 07:34:02 UTC 2023,20.77
Sun Mar 26 07:35:02 UTC 2023,20.77
Sun Mar 26 07:36:02 UTC 2023,20.81
Sun Mar 26 07:37:02 UTC 2023,20.81
Sun Mar 26 07:38:02 UTC 2023,20.81
Sun Mar 26 07:39:03 UTC 2023,20.81
Sun Mar 26 07:40:03 UTC 2023,20.81
Sun Mar 26 07:41:02 UTC 2023,20.77
Sun Mar 26 07:42:02 UTC 2023,20.77
Sun Mar 26 07:43:02 UTC 2023,20.77
Sun Mar 26 07:44:02 UTC 2023,20.77
Sun Mar 26 07:45:02 UTC 2023,20.77
Sun Mar 26 07:46:02 UTC 2023,20.77
Sun Mar 26 07:47:02 UTC 2023,20.77
Sun Mar 26 07:48:02 UTC 2023,20.77
Sun Mar 26 07:49:02 UTC 2023,20.77
Sun Mar 26 07:50:02 UTC 2023,20.77
Sun Mar 26 07:51:02 UTC 2023,20.79
Sun Mar 26 07:52:02 UTC 2023,20.79
Sun Mar 26 07:53:02 UTC 2023,20.79
Sun Mar 26 07:54:03 UTC 2023,20.79
Sun Mar 26 07:55:03 UTC 2023,20.79
Sun Mar 26 07:56:03 UTC 2023,20.77
Sun Mar 26 07:57:02 UTC 2023,20.77
Sun Mar 26 07:58:03 UTC 2023,20.77
Sun Mar 26 07:59:02 UTC 2023,20.77
Sun Mar 26 08:00:03 UTC 2023,20.77
Sun Mar 26 08:01:02 UTC 2023,20.77
Sun Mar 26 08:02:02 UTC 2023,20.77
Sun Mar 26 08:03:02 UTC 2023,20.77
Sun Mar 26 08:04:02 UTC 2023,20.77
Sun Mar 26 08:05:02 UTC 2023,20.77
Sun Mar 26 08:06:02 UTC 2023,20.77
Sun Mar 26 08:07:02 UTC 2023,20.77
Sun Mar 26 08:08:02 UTC 2023,20.77
Sun Mar 26 08:09:02 UTC 2023,20.77
Sun Mar 26 08:10:03 UTC 2023,20.77
Sun Mar 26 08:11:03 UTC 2023,20.77
Sun Mar 26 08:12:02 UTC 2023,20.77
Sun Mar 26 08:13:03 UTC 2023,20.75
Sun Mar 26 08:14:02 UTC 2023,20.75
Sun Mar 26 08:15:03 UTC 2023,20.75
Sun Mar 26 08:16:03 UTC 2023,20.75
Sun Mar 26 08:17:02 UTC 2023,20.75
Sun Mar 26 08:18:03 UTC 2023,20.76
Sun Mar 26 08:19:03 UTC 2023,20.76
Sun Mar 26 08:20:02 UTC 2023,20.76
Sun Mar 26 08:21:02 UTC 2023,20.76
Sun Mar 26 08:22:02 UTC 2023,20.76
Sun Mar 26 08:23:02 UTC 2023,20.76
Sun Mar 26 08:24:02 UTC 2023,20.78
Sun Mar 26 08:25:02 UTC 2023,20.78
Sun Mar 26 08:26:02 UTC 2023,20.78
Sun Mar 26 08:27:02 UTC 2023,20.78
Sun Mar 26 08:28:02 UTC 2023,20.78
Sun Mar 26 08:29:02 UTC 2023,20.74
Sun Mar 26 08:30:03 UTC 2023,20.74
Sun Mar 26 08:31:02 UTC 2023,20.74
Sun Mar 26 08:32:02 UTC 2023,20.74
Sun Mar 26 08:33:02 UTC 2023,20.74
Sun Mar 26 08:34:02 UTC 2023,20.74
Sun Mar 26 08:35:02 UTC 2023,20.77
Sun Mar 26 08:36:02 UTC 2023,20.77
Sun Mar 26 08:37:02 UTC 2023,20.77
Sun Mar 26 08:38:02 UTC 2023,20.77
Sun Mar 26 08:39:02 UTC 2023,20.77
Sun Mar 26 08:40:03 UTC 2023,20.74
Sun Mar 26 08:41:02 UTC 2023,20.74
Sun Mar 26 08:42:02 UTC 2023,20.74
Sun Mar 26 08:43:02 UTC 2023,20.74
Sun Mar 26 08:44:02 UTC 2023,20.74
Sun Mar 26 08:45:02 UTC 2023,20.90
Sun Mar 26 08:46:02 UTC 2023,20.90
Sun Mar 26 08:47:02 UTC 2023,20.90
Sun Mar 26 08:48:02 UTC 2023,20.90
Sun Mar 26 08:49:02 UTC 2023,20.90
Sun Mar 26 08:50:03 UTC 2023,20.91
Sun Mar 26 08:51:02 UTC 2023,20.91
Sun Mar 26 08:52:02 UTC 2023,20.91
Sun Mar 26 08:53:02 UTC 2023,20.91
Sun Mar 26 08:54:02 UTC 2023,20.91
Sun Mar 26 08:55:02 UTC 2023,20.91
Sun Mar 26 08:56:02 UTC 2023,20.92
Sun Mar 26 08:57:02 UTC 2023,20.92
Sun Mar 26 08:58:02 UTC 2023,20.92
Sun Mar 26 08:59:02 UTC 2023,20.92
Sun Mar 26 09:00:03 UTC 2023,20.92
Sun Mar 26 09:01:03 UTC 2023,20.92
Sun Mar 26 09:02:03 UTC 2023,20.92
Sun Mar 26 09:03:03 UTC 2023,20.92
Sun Mar 26 09:04:03 UTC 2023,20.92
Sun Mar 26 09:05:03 UTC 2023,20.92
Sun Mar 26 09:06:03 UTC 2023,20.88
Sun Mar 26 09:07:02 UTC 2023,20.88
Sun Mar 26 09:08:02 UTC 2023,20.88
Sun Mar 26 09:09:02 UTC 2023,20.88
Sun Mar 26 09:10:02 UTC 2023,20.88
Sun Mar 26 09:11:02 UTC 2023,20.88
Sun Mar 26 09:12:02 UTC 2023,20.88
Sun Mar 26 09:13:02 UTC 2023,20.88
Sun Mar 26 09:14:02 UTC 2023,20.88
Sun Mar 26 09:15:02 UTC 2023,20.88
Sun Mar 26 09:16:02 UTC 2023,20.88
Sun Mar 26 09:17:02 UTC 2023,20.89
Sun Mar 26 09:18:03 UTC 2023,20.89
Sun Mar 26 09:19:03 UTC 2023,20.89
Sun Mar 26 09:20:03 UTC 2023,20.89
Sun Mar 26 09:21:02 UTC 2023,20.89
Sun Mar 26 09:22:01 UTC 2023,20.89
Sun Mar 26 09:23:03 UTC 2023,20.89
Sun Mar 26 09:24:03 UTC 2023,20.89
Sun Mar 26 09:25:03 UTC 2023,20.89
Sun Mar 26 09:26:02 UTC 2023,20.89
Sun Mar 26 09:27:01 UTC 2023,20.89
Sun Mar 26 09:28:02 UTC 2023,20.85
Sun Mar 26 09:29:02 UTC 2023,20.85
Sun Mar 26 09:30:02 UTC 2023,20.85
Sun Mar 26 09:31:02 UTC 2023,20.85
Sun Mar 26 09:32:02 UTC 2023,20.85
Sun Mar 26 09:33:03 UTC 2023,20.85
Sun Mar 26 09:34:01 UTC 2023,20.85
Sun Mar 26 09:35:02 UTC 2023,20.85
Sun Mar 26 09:36:02 UTC 2023,20.85
Sun Mar 26 09:37:02 UTC 2023,20.85
Sun Mar 26 09:38:03 UTC 2023,20.83
Sun Mar 26 09:39:03 UTC 2023,20.83
Sun Mar 26 09:40:03 UTC 2023,20.83
Sun Mar 26 09:41:03 UTC 2023,20.83
Sun Mar 26 09:42:03 UTC 2023,20.83
Sun Mar 26 09:43:02 UTC 2023,20.83
Sun Mar 26 09:44:03 UTC 2023,20.83
Sun Mar 26 09:45:03 UTC 2023,20.83
Sun Mar 26 09:46:02 UTC 2023,20.83
Sun Mar 26 09:47:02 UTC 2023,20.83
Sun Mar 26 09:48:02 UTC 2023,20.83
Sun Mar 26 09:49:03 UTC 2023,20.78
Sun Mar 26 09:50:03 UTC 2023,20.78
Sun Mar 26 09:51:02 UTC 2023,20.78
Sun Mar 26 09:52:02 UTC 2023,20.78
Sun Mar 26 09:53:02 UTC 2023,20.78
Sun Mar 26 09:54:02 UTC 2023,20.78
Sun Mar 26 09:55:03 UTC 2023,20.78
Sun Mar 26 09:56:03 UTC 2023,20.78
Sun Mar 26 09:57:03 UTC 2023,20.78
Sun Mar 26 09:58:02 UTC 2023,20.78
Sun Mar 26 09:59:03 UTC 2023,20.78
Sun Mar 26 10:00:03 UTC 2023,20.78
Sun Mar 26 10:01:02 UTC 2023,20.80
Sun Mar 26 10:02:02 UTC 2023,20.80
Sun Mar 26 10:03:03 UTC 2023,20.80
Sun Mar 26 10:04:03 UTC 2023,20.80
Sun Mar 26 10:05:02 UTC 2023,20.80
Sun Mar 26 10:06:03 UTC 2023,20.80
Sun Mar 26 10:07:03 UTC 2023,20.80
Sun Mar 26 10:08:03 UTC 2023,20.80
Sun Mar 26 10:09:02 UTC 2023,20.80
Sun Mar 26 10:10:02 UTC 2023,20.80
Sun Mar 26 10:11:03 UTC 2023,20.80
Sun Mar 26 10:12:03 UTC 2023,20.80
Sun Mar 26 10:13:03 UTC 2023,20.80
Sun Mar 26 10:14:03 UTC 2023,20.80
Sun Mar 26 10:15:02 UTC 2023,20.80
Sun Mar 26 10:16:02 UTC 2023,20.80
Sun Mar 26 10:17:03 UTC 2023,20.81
Sun Mar 26 10:18:02 UTC 2023,20.81
Sun Mar 26 10:19:02 UTC 2023,20.81
Sun Mar 26 10:20:02 UTC 2023,20.81
Sun Mar 26 10:21:02 UTC 2023,20.81
Sun Mar 26 10:22:02 UTC 2023,20.81
Sun Mar 26 10:23:03 UTC 2023,20.78
Sun Mar 26 10:24:03 UTC 2023,20.78
Sun Mar 26 10:25:03 UTC 2023,20.78
Sun Mar 26 10:26:03 UTC 2023,20.78
Sun Mar 26 10:27:02 UTC 2023,20.78
Sun Mar 26 10:28:02 UTC 2023,20.78
Sun Mar 26 10:29:02 UTC 2023,20.80
Sun Mar 26 10:30:03 UTC 2023,20.80
Sun Mar 26 10:31:03 UTC 2023,20.80
Sun Mar 26 10:32:03 UTC 2023,20.80
Sun Mar 26 10:33:03 UTC 2023,20.80
Sun Mar 26 10:34:03 UTC 2023,20.80
Sun Mar 26 10:35:03 UTC 2023,20.78
Sun Mar 26 10:36:02 UTC 2023,20.78
Sun Mar 26 10:37:02 UTC 2023,20.78
Sun Mar 26 10:38:02 UTC 2023,20.78
Sun Mar 26 10:39:02 UTC 2023,20.78
Sun Mar 26 10:40:02 UTC 2023,20.78
Sun Mar 26 10:41:02 UTC 2023,20.74
Sun Mar 26 10:42:03 UTC 2023,20.74
Sun Mar 26 10:43:02 UTC 2023,20.74
Sun Mar 26 10:44:02 UTC 2023,20.74
Sun Mar 26 10:45:02 UTC 2023,20.74
Sun Mar 26 10:46:02 UTC 2023,20.74
Sun Mar 26 10:47:02 UTC 2023,20.79
Sun Mar 26 10:48:02 UTC 2023,20.79
Sun Mar 26 10:49:02 UTC 2023,20.79
Sun Mar 26 10:50:03 UTC 2023,20.79
Sun Mar 26 10:51:02 UTC 2023,20.79
Sun Mar 26 10:52:02 UTC 2023,20.77
Sun Mar 26 10:53:02 UTC 2023,20.77
Sun Mar 26 10:54:02 UTC 2023,20.77
Sun Mar 26 10:55:02 UTC 2023,20.77
Sun Mar 26 10:56:02 UTC 2023,20.77
Sun Mar 26 10:57:02 UTC 2023,20.77
Sun Mar 26 10:58:02 UTC 2023,20.77
Sun Mar 26 10:59:02 UTC 2023,20.77
Sun Mar 26 11:00:02 UTC 2023,20.77
Sun Mar 26 11:01:03 UTC 2023,20.77
Sun Mar 26 11:02:02 UTC 2023,20.77
Sun Mar 26 11:03:03 UTC 2023,20.81
Sun Mar 26 11:04:03 UTC 2023,20.81
Sun Mar 26 11:05:03 UTC 2023,20.81
Sun Mar 26 11:06:03 UTC 2023,20.81
Sun Mar 26 11:07:03 UTC 2023,20.81
Sun Mar 26 11:08:03 UTC 2023,20.81
Sun Mar 26 11:09:03 UTC 2023,20.80
Sun Mar 26 11:10:02 UTC 2023,20.80
Sun Mar 26 11:11:02 UTC 2023,20.80
Sun Mar 26 11:12:02 UTC 2023,20.80
Sun Mar 26 11:13:02 UTC 2023,20.80
Sun Mar 26 11:14:02 UTC 2023,20.81
Sun Mar 26 11:15:02 UTC 2023,20.81
Sun Mar 26 11:16:03 UTC 2023,20.81
Sun Mar 26 11:17:03 UTC 2023,20.81
Sun Mar 26 11:18:02 UTC 2023,20.81
Sun Mar 26 11:19:02 UTC 2023,20.81
Sun Mar 26 11:20:02 UTC 2023,20.81
Sun Mar 26 11:21:02 UTC 2023,20.81
Sun Mar 26 11:22:02 UTC 2023,20.81
Sun Mar 26 11:23:02 UTC 2023,20.81
Sun Mar 26 11:24:02 UTC 2023,20.81
Sun Mar 26 11:25:02 UTC 2023,20.81
Sun Mar 26 11:26:02 UTC 2023,20.81
Sun Mar 26 11:27:02 UTC 2023,20.81
Sun Mar 26 11:28:02 UTC 2023,20.81
Sun Mar 26 11:29:03 UTC 2023,20.81
Sun Mar 26 11:30:02 UTC 2023,20.81
Sun Mar 26 11:31:02 UTC 2023,20.80
Sun Mar 26 11:32:02 UTC 2023,20.80
Sun Mar 26 11:33:03 UTC 2023,20.80
Sun Mar 26 11:34:01 UTC 2023,20.80
Sun Mar 26 11:35:02 UTC 2023,20.80
Sun Mar 26 11:36:02 UTC 2023,20.80
Sun Mar 26 11:37:03 UTC 2023,20.80
Sun Mar 26 11:38:03 UTC 2023,20.80
Sun Mar 26 11:39:03 UTC 2023,20.80
Sun Mar 26 11:40:03 UTC 2023,20.80
Sun Mar 26 11:41:02 UTC 2023,20.80
Sun Mar 26 11:42:02 UTC 2023,20.80
Sun Mar 26 11:43:02 UTC 2023,20.77
Sun Mar 26 11:44:02 UTC 2023,20.77
Sun Mar 26 11:45:02 UTC 2023,20.77
Sun Mar 26 11:46:02 UTC 2023,20.77
Sun Mar 26 11:47:03 UTC 2023,20.77
Sun Mar 26 11:48:02 UTC 2023,20.77
Sun Mar 26 11:49:03 UTC 2023,20.78
Sun Mar 26 11:50:03 UTC 2023,20.78
Sun Mar 26 11:51:02 UTC 2023,20.78
Sun Mar 26 11:52:02 UTC 2023,20.78
Sun Mar 26 11:53:02 UTC 2023,20.78
Sun Mar 26 11:54:02 UTC 2023,20.78
Sun Mar 26 11:55:02 UTC 2023,20.82
Sun Mar 26 11:56:03 UTC 2023,20.82
Sun Mar 26 11:57:02 UTC 2023,20.82
Sun Mar 26 11:58:02 UTC 2023,20.82
Sun Mar 26 11:59:02 UTC 2023,20.82
Sun Mar 26 12:00:02 UTC 2023,20.82
Sun Mar 26 12:01:03 UTC 2023,20.81
Sun Mar 26 12:02:02 UTC 2023,20.81
Sun Mar 26 12:03:02 UTC 2023,20.81
Sun Mar 26 12:04:02 UTC 2023,20.81
Sun Mar 26 12:05:03 UTC 2023,20.81
Sun Mar 26 12:06:02 UTC 2023,20.81
Sun Mar 26 12:07:02 UTC 2023,20.88
Sun Mar 26 12:08:03 UTC 2023,20.88
Sun Mar 26 12:09:03 UTC 2023,20.88
Sun Mar 26 12:10:03 UTC 2023,20.88
Sun Mar 26 12:11:03 UTC 2023,20.88
Sun Mar 26 12:12:03 UTC 2023,20.88
Sun Mar 26 12:13:02 UTC 2023,20.87
Sun Mar 26 12:14:02 UTC 2023,20.87
Sun Mar 26 12:15:02 UTC 2023,20.87
Sun Mar 26 12:16:02 UTC 2023,20.87
Sun Mar 26 12:17:02 UTC 2023,20.87
Sun Mar 26 12:18:02 UTC 2023,20.86
Sun Mar 26 12:19:02 UTC 2023,20.86
Sun Mar 26 12:20:02 UTC 2023,20.86
Sun Mar 26 12:21:01 UTC 2023,20.86
Sun Mar 26 12:22:01 UTC 2023,20.86
Sun Mar 26 12:23:01 UTC 2023,20.86
Sun Mar 26 12:24:02 UTC 2023,20.82
Sun Mar 26 12:25:01 UTC 2023,20.82
Sun Mar 26 12:26:01 UTC 2023,20.82
Sun Mar 26 12:27:01 UTC 2023,20.82
Sun Mar 26 12:28:01 UTC 2023,20.82
Sun Mar 26 12:29:01 UTC 2023,20.82
Sun Mar 26 12:30:02 UTC 2023,20.85
Sun Mar 26 12:31:01 UTC 2023,20.85
Sun Mar 26 12:32:01 UTC 2023,20.85
Sun Mar 26 12:33:01 UTC 2023,20.85
Sun Mar 26 12:34:03 UTC 2023,20.85
Sun Mar 26 12:35:02 UTC 2023,20.81
Sun Mar 26 12:36:01 UTC 2023,20.81
Sun Mar 26 12:37:02 UTC 2023,20.81
Sun Mar 26 12:38:02 UTC 2023,20.81
Sun Mar 26 12:39:03 UTC 2023,20.81
Sun Mar 26 12:40:04 UTC 2023,20.86
Sun Mar 26 12:41:02 UTC 2023,20.86
Sun Mar 26 12:42:02 UTC 2023,20.86
Sun Mar 26 12:43:02 UTC 2023,20.86
Sun Mar 26 12:44:02 UTC 2023,20.86
Sun Mar 26 12:45:02 UTC 2023,20.86
Sun Mar 26 12:46:02 UTC 2023,20.86
Sun Mar 26 12:47:02 UTC 2023,20.86
Sun Mar 26 12:48:02 UTC 2023,20.86
Sun Mar 26 12:49:02 UTC 2023,20.86
Sun Mar 26 12:50:02 UTC 2023,20.86
Sun Mar 26 12:51:03 UTC 2023,20.88
Sun Mar 26 12:52:02 UTC 2023,20.88
Sun Mar 26 12:53:02 UTC 2023,20.88
Sun Mar 26 12:54:02 UTC 2023,20.88
Sun Mar 26 12:55:02 UTC 2023,20.88
Sun Mar 26 12:56:02 UTC 2023,20.88
Sun Mar 26 12:57:02 UTC 2023,20.90
Sun Mar 26 12:58:02 UTC 2023,20.90
Sun Mar 26 12:59:02 UTC 2023,20.90
Sun Mar 26 13:00:02 UTC 2023,20.90
Sun Mar 26 13:01:02 UTC 2023,20.90
Sun Mar 26 13:02:03 UTC 2023,20.90
Sun Mar 26 13:03:02 UTC 2023,20.90
Sun Mar 26 13:04:03 UTC 2023,20.90
Sun Mar 26 13:05:02 UTC 2023,20.90
Sun Mar 26 13:06:02 UTC 2023,20.90
Sun Mar 26 13:07:02 UTC 2023,20.90
Sun Mar 26 13:08:03 UTC 2023,20.92
Sun Mar 26 13:09:02 UTC 2023,20.92
Sun Mar 26 13:10:03 UTC 2023,20.92
Sun Mar 26 13:11:03 UTC 2023,20.92
Sun Mar 26 13:12:02 UTC 2023,20.92
Sun Mar 26 13:13:02 UTC 2023,20.92
Sun Mar 26 13:14:02 UTC 2023,20.91
Sun Mar 26 13:15:02 UTC 2023,20.91
Sun Mar 26 13:16:02 UTC 2023,20.91
Sun Mar 26 13:17:03 UTC 2023,20.91
Sun Mar 26 13:18:03 UTC 2023,20.91
Sun Mar 26 13:19:02 UTC 2023,20.91
Sun Mar 26 13:20:03 UTC 2023,20.91
Sun Mar 26 13:21:02 UTC 2023,20.91
Sun Mar 26 13:22:02 UTC 2023,20.91
Sun Mar 26 13:23:02 UTC 2023,20.91
Sun Mar 26 13:24:02 UTC 2023,20.91
Sun Mar 26 13:25:02 UTC 2023,20.91
Sun Mar 26 13:26:02 UTC 2023,20.92
Sun Mar 26 13:27:02 UTC 2023,20.92
Sun Mar 26 13:28:02 UTC 2023,20.92
Sun Mar 26 13:29:03 UTC 2023,20.92
Sun Mar 26 13:30:03 UTC 2023,20.92
Sun Mar 26 13:31:02 UTC 2023,20.92
Sun Mar 26 13:32:03 UTC 2023,20.89
Sun Mar 26 13:33:01 UTC 2023,20.89
Sun Mar 26 13:34:03 UTC 2023,20.89
Sun Mar 26 13:35:03 UTC 2023,20.89
Sun Mar 26 13:36:03 UTC 2023,20.89
Sun Mar 26 13:37:03 UTC 2023,20.89
Sun Mar 26 13:38:03 UTC 2023,20.92
Sun Mar 26 13:39:02 UTC 2023,20.92
Sun Mar 26 13:40:03 UTC 2023,20.92
Sun Mar 26 13:41:02 UTC 2023,20.92
Sun Mar 26 13:42:02 UTC 2023,20.92
Sun Mar 26 13:43:03 UTC 2023,20.95
Sun Mar 26 13:44:03 UTC 2023,20.95
Sun Mar 26 13:45:03 UTC 2023,20.95
Sun Mar 26 13:46:02 UTC 2023,20.95
Sun Mar 26 13:47:02 UTC 2023,20.95
Sun Mar 26 13:48:02 UTC 2023,20.95
Sun Mar 26 13:49:02 UTC 2023,20.95
Sun Mar 26 13:50:02 UTC 2023,20.95
Sun Mar 26 13:51:02 UTC 2023,20.95
Sun Mar 26 13:52:02 UTC 2023,20.95
Sun Mar 26 13:53:02 UTC 2023,20.95
Sun Mar 26 13:54:02 UTC 2023,20.95
Sun Mar 26 13:55:02 UTC 2023,21.07
Sun Mar 26 13:56:02 UTC 2023,21.07
Sun Mar 26 13:57:03 UTC 2023,21.07
Sun Mar 26 13:58:03 UTC 2023,21.07
Sun Mar 26 13:59:02 UTC 2023,21.07
Sun Mar 26 14:00:02 UTC 2023,21.07
Sun Mar 26 14:01:02 UTC 2023,21.10
Sun Mar 26 14:02:02 UTC 2023,21.10
Sun Mar 26 14:03:02 UTC 2023,21.10
Sun Mar 26 14:04:02 UTC 2023,21.10
Sun Mar 26 14:05:02 UTC 2023,21.10
Sun Mar 26 14:06:02 UTC 2023,21.10
Sun Mar 26 14:07:02 UTC 2023,21.13
Sun Mar 26 14:08:02 UTC 2023,21.13
Sun Mar 26 14:09:02 UTC 2023,21.13
Sun Mar 26 14:10:02 UTC 2023,21.13
Sun Mar 26 14:11:03 UTC 2023,21.13
Sun Mar 26 14:12:03 UTC 2023,21.12
Sun Mar 26 14:13:02 UTC 2023,21.12
Sun Mar 26 14:14:02 UTC 2023,21.12
Sun Mar 26 14:15:02 UTC 2023,21.12
Sun Mar 26 14:16:02 UTC 2023,21.12
Sun Mar 26 14:17:03 UTC 2023,21.12
Sun Mar 26 14:18:03 UTC 2023,21.08
Sun Mar 26 14:19:03 UTC 2023,21.08
Sun Mar 26 14:20:02 UTC 2023,21.08
Sun Mar 26 14:21:02 UTC 2023,21.08
Sun Mar 26 14:22:02 UTC 2023,21.08
Sun Mar 26 14:23:03 UTC 2023,21.08
Sun Mar 26 14:24:02 UTC 2023,21.08
Sun Mar 26 14:25:03 UTC 2023,21.08
Sun Mar 26 14:26:03 UTC 2023,21.08
Sun Mar 26 14:27:03 UTC 2023,21.08
Sun Mar 26 14:28:03 UTC 2023,21.07
Sun Mar 26 14:29:01 UTC 2023,21.07
Sun Mar 26 14:30:03 UTC 2023,21.07
Sun Mar 26 14:31:02 UTC 2023,21.07
Sun Mar 26 14:32:02 UTC 2023,21.07
Sun Mar 26 14:33:02 UTC 2023,21.07
Sun Mar 26 14:34:02 UTC 2023,21.07
Sun Mar 26 14:35:03 UTC 2023,21.07
Sun Mar 26 14:36:03 UTC 2023,21.07
Sun Mar 26 14:37:02 UTC 2023,21.07
Sun Mar 26 14:38:02 UTC 2023,21.07
Sun Mar 26 14:39:02 UTC 2023,20.97
Sun Mar 26 14:40:03 UTC 2023,20.97
Sun Mar 26 14:41:02 UTC 2023,20.97
Sun Mar 26 14:42:02 UTC 2023,20.97
Sun Mar 26 14:43:02 UTC 2023,20.97
Sun Mar 26 14:44:02 UTC 2023,20.88
Sun Mar 26 14:45:02 UTC 2023,20.88
Sun Mar 26 14:46:03 UTC 2023,20.88
Sun Mar 26 14:47:02 UTC 2023,20.88
Sun Mar 26 14:48:02 UTC 2023,20.88
Sun Mar 26 14:49:03 UTC 2023,20.90
Sun Mar 26 14:50:03 UTC 2023,20.90
Sun Mar 26 14:51:02 UTC 2023,20.90
Sun Mar 26 14:52:02 UTC 2023,20.90
Sun Mar 26 14:53:02 UTC 2023,20.90
Sun Mar 26 14:54:02 UTC 2023,20.90
Sun Mar 26 14:55:02 UTC 2023,20.79
Sun Mar 26 14:56:02 UTC 2023,20.79
Sun Mar 26 14:57:02 UTC 2023,20.79
Sun Mar 26 14:58:02 UTC 2023,20.79
Sun Mar 26 14:59:02 UTC 2023,20.79
Sun Mar 26 15:00:03 UTC 2023,20.79
Sun Mar 26 15:01:03 UTC 2023,20.79
Sun Mar 26 15:02:02 UTC 2023,20.79
Sun Mar 26 15:03:02 UTC 2023,20.79
Sun Mar 26 15:04:02 UTC 2023,20.79
Sun Mar 26 15:05:02 UTC 2023,20.79
Sun Mar 26 15:06:02 UTC 2023,20.84
Sun Mar 26 15:07:02 UTC 2023,20.84
Sun Mar 26 15:08:02 UTC 2023,20.84
Sun Mar 26 15:09:02 UTC 2023,20.84
Sun Mar 26 15:10:03 UTC 2023,20.84
Sun Mar 26 15:11:02 UTC 2023,20.86
Sun Mar 26 15:12:02 UTC 2023,20.86
Sun Mar 26 15:13:02 UTC 2023,20.86
Sun Mar 26 15:14:02 UTC 2023,20.86
Sun Mar 26 15:15:02 UTC 2023,20.86
Sun Mar 26 15:16:02 UTC 2023,20.86
Sun Mar 26 15:17:02 UTC 2023,20.86
Sun Mar 26 15:18:02 UTC 2023,20.86
Sun Mar 26 15:19:01 UTC 2023,20.86
Sun Mar 26 15:20:02 UTC 2023,20.86
Sun Mar 26 15:21:02 UTC 2023,20.86
Sun Mar 26 15:22:02 UTC 2023,20.86
Sun Mar 26 15:23:02 UTC 2023,20.91
Sun Mar 26 15:24:02 UTC 2023,20.91
Sun Mar 26 15:25:02 UTC 2023,20.91
Sun Mar 26 15:26:02 UTC 2023,20.91
Sun Mar 26 15:27:02 UTC 2023,20.91
Sun Mar 26 15:28:03 UTC 2023,20.88
Sun Mar 26 15:29:01 UTC 2023,20.88
Sun Mar 26 15:30:02 UTC 2023,20.88
Sun Mar 26 15:31:01 UTC 2023,20.88
Sun Mar 26 15:32:01 UTC 2023,20.88
Sun Mar 26 15:33:01 UTC 2023,20.88
Sun Mar 26 15:34:01 UTC 2023,20.88
Sun Mar 26 15:35:01 UTC 2023,20.88
Sun Mar 26 15:36:01 UTC 2023,20.88
Sun Mar 26 15:37:01 UTC 2023,20.88
Sun Mar 26 15:38:01 UTC 2023,20.88
Sun Mar 26 15:39:01 UTC 2023,20.90
Sun Mar 26 15:40:01 UTC 2023,20.90
Sun Mar 26 15:41:01 UTC 2023,20.90
Sun Mar 26 15:42:01 UTC 2023,20.90
Sun Mar 26 15:43:01 UTC 2023,20.90
Sun Mar 26 15:44:01 UTC 2023,20.82
Sun Mar 26 15:45:01 UTC 2023,20.82
Sun Mar 26 15:46:01 UTC 2023,20.82
Sun Mar 26 15:47:02 UTC 2023,20.82
Sun Mar 26 15:48:02 UTC 2023,20.82
Sun Mar 26 15:49:01 UTC 2023,20.82
Sun Mar 26 15:50:01 UTC 2023,20.82
Sun Mar 26 15:51:01 UTC 2023,20.82
Sun Mar 26 15:52:01 UTC 2023,20.82
Sun Mar 26 15:53:01 UTC 2023,20.82
Sun Mar 26 15:54:01 UTC 2023,20.82
Sun Mar 26 15:55:02 UTC 2023,20.77
Sun Mar 26 15:56:01 UTC 2023,20.77
Sun Mar 26 15:57:01 UTC 2023,20.77
Sun Mar 26 15:58:01 UTC 2023,20.77
Sun Mar 26 15:59:02 UTC 2023,20.77
Sun Mar 26 16:00:01 UTC 2023,20.77
Sun Mar 26 16:01:01 UTC 2023,20.84
Sun Mar 26 16:02:01 UTC 2023,20.84
Sun Mar 26 16:03:03 UTC 2023,20.84
Sun Mar 26 16:04:01 UTC 2023,20.84
Sun Mar 26 16:05:02 UTC 2023,20.84
Sun Mar 26 16:06:01 UTC 2023,20.84
Sun Mar 26 16:07:02 UTC 2023,20.84
Sun Mar 26 16:08:02 UTC 2023,20.84
Sun Mar 26 16:09:02 UTC 2023,20.84
Sun Mar 26 16:10:02 UTC 2023,20.84
Sun Mar 26 16:11:01 UTC 2023,20.84
Sun Mar 26 16:12:03 UTC 2023,20.84
Sun Mar 26 16:13:02 UTC 2023,20.84
Sun Mar 26 16:14:02 UTC 2023,20.84
Sun Mar 26 16:15:02 UTC 2023,20.84
Sun Mar 26 16:16:02 UTC 2023,20.84
Sun Mar 26 16:17:02 UTC 2023,20.84
Sun Mar 26 16:18:01 UTC 2023,20.84
Sun Mar 26 16:19:02 UTC 2023,20.83
Sun Mar 26 16:20:02 UTC 2023,20.83
Sun Mar 26 16:21:02 UTC 2023,20.83
Sun Mar 26 16:22:02 UTC 2023,20.83
Sun Mar 26 16:23:02 UTC 2023,20.83
Sun Mar 26 16:24:03 UTC 2023,20.83
Sun Mar 26 16:25:03 UTC 2023,20.81
Sun Mar 26 16:26:02 UTC 2023,20.81
Sun Mar 26 16:27:03 UTC 2023,20.81
Sun Mar 26 16:28:02 UTC 2023,20.81
Sun Mar 26 16:29:03 UTC 2023,20.81
Sun Mar 26 16:30:02 UTC 2023,20.81
Sun Mar 26 16:31:02 UTC 2023,20.83
Sun Mar 26 16:32:02 UTC 2023,20.83
Sun Mar 26 16:33:02 UTC 2023,20.83
Sun Mar 26 16:34:02 UTC 2023,20.83
Sun Mar 26 16:35:02 UTC 2023,20.83
Sun Mar 26 16:36:03 UTC 2023,20.83
Sun Mar 26 16:37:03 UTC 2023,20.81
Sun Mar 26 16:38:02 UTC 2023,20.81
Sun Mar 26 16:39:03 UTC 2023,20.81
Sun Mar 26 16:40:03 UTC 2023,20.81
Sun Mar 26 16:41:02 UTC 2023,20.81
Sun Mar 26 16:42:02 UTC 2023,20.81
Sun Mar 26 16:43:02 UTC 2023,20.78
Sun Mar 26 16:44:02 UTC 2023,20.78
Sun Mar 26 16:45:02 UTC 2023,20.78
Sun Mar 26 16:46:02 UTC 2023,20.78
Sun Mar 26 16:47:02 UTC 2023,20.78
Sun Mar 26 16:48:02 UTC 2023,20.78
Sun Mar 26 16:49:03 UTC 2023,20.80
Sun Mar 26 16:50:02 UTC 2023,20.80
Sun Mar 26 16:51:02 UTC 2023,20.80
Sun Mar 26 16:52:02 UTC 2023,20.80
Sun Mar 26 16:53:03 UTC 2023,20.80
Sun Mar 26 16:54:02 UTC 2023,20.80
Sun Mar 26 16:55:03 UTC 2023,20.76
Sun Mar 26 16:56:03 UTC 2023,20.76
Sun Mar 26 16:57:02 UTC 2023,20.76
Sun Mar 26 16:58:02 UTC 2023,20.76
Sun Mar 26 16:59:01 UTC 2023,20.76
Sun Mar 26 17:00:03 UTC 2023,20.75
Sun Mar 26 17:01:02 UTC 2023,20.75
Sun Mar 26 17:02:02 UTC 2023,20.75
Sun Mar 26 17:03:03 UTC 2023,20.75
Sun Mar 26 17:04:02 UTC 2023,20.75
Sun Mar 26 17:05:02 UTC 2023,20.75
Sun Mar 26 17:06:02 UTC 2023,20.75
Sun Mar 26 17:07:03 UTC 2023,20.75
Sun Mar 26 17:08:03 UTC 2023,20.75
Sun Mar 26 17:09:02 UTC 2023,20.75
Sun Mar 26 17:10:02 UTC 2023,20.75
Sun Mar 26 17:11:02 UTC 2023,20.75
Sun Mar 26 17:12:02 UTC 2023,20.71
Sun Mar 26 17:13:02 UTC 2023,20.71
Sun Mar 26 17:14:02 UTC 2023,20.71
Sun Mar 26 17:15:02 UTC 2023,20.71
Sun Mar 26 17:16:02 UTC 2023,20.71
Sun Mar 26 17:17:02 UTC 2023,20.71
Sun Mar 26 17:18:03 UTC 2023,20.75
Sun Mar 26 17:19:02 UTC 2023,20.75
Sun Mar 26 17:20:03 UTC 2023,20.75
Sun Mar 26 17:21:02 UTC 2023,20.75
Sun Mar 26 17:22:02 UTC 2023,20.75
Sun Mar 26 17:23:02 UTC 2023,20.77
Sun Mar 26 17:24:02 UTC 2023,20.77
Sun Mar 26 17:25:01 UTC 2023,20.77
Sun Mar 26 17:26:02 UTC 2023,20.77
Sun Mar 26 17:27:01 UTC 2023,20.77
Sun Mar 26 17:28:02 UTC 2023,20.77
Sun Mar 26 17:29:03 UTC 2023,20.77
Sun Mar 26 17:30:02 UTC 2023,20.77
Sun Mar 26 17:31:01 UTC 2023,20.77
Sun Mar 26 17:32:02 UTC 2023,20.77
Sun Mar 26 17:33:02 UTC 2023,20.77
Sun Mar 26 17:34:02 UTC 2023,20.76
Sun Mar 26 17:35:03 UTC 2023,20.76
Sun Mar 26 17:40:02 UTC 2023,20.76
